name.title,name.first,name.last,gender,dob,location.street,location.city,location.state,location.postcode,email,phone
mrs,judy,jensen,female,1955-05-22 18:01:43,7123 hunters creek dr,pearland,pennsylvania,88957,judy.jensen@example.com,(391)-145-4571
mr,jacob,jacobs,male,1962-04-07 01:10:24,7927 fairview st,odessa,louisiana,61406,jacob.jacobs@example.com,(014)-259-6900
mrs,stella,gonzales,female,1954-07-26 03:25:12,1014 northaven rd,hamsburg,arkansas,96120,stella.gonzales@example.com,(612)-722-9360
miss,jo,davis,female,1947-07-12 04:45:13,9439 samaritan dr,oklahoma city,illinois,39824,jo.davis@example.com,(700)-478-0828
mr,billy,king,male,1969-05-20 02:42:39,1527 timber wolf trail,charlotte,florida,21375,billy.king@example.com,(029)-467-1643
mrs,lucy,cox,female,1962-05-23 07:21:24,3112 e little york rd,south bend,oklahoma,86804,lucy.cox@example.com,(517)-940-1530
mr,ralph,cook,male,1982-03-13 05:27:04,6055 fincher rd,seattle,hawaii,48304,ralph.cook@example.com,(754)-056-5417
mrs,leona,willis,female,1976-03-25 12:47:09,4001 adams st,newport news,nevada,27334,leona.willis@example.com,(611)-834-7257
mr,adam,lucas,male,1982-02-16 21:08:28,9741 mcclellan rd,burkburnett,alaska,96874,adam.lucas@example.com,(146)-581-6536
mrs,janet,ruiz,female,1966-03-26 20:33:48,9324 smokey ln,athens,utah,46066,janet.ruiz@example.com,(864)-360-7676
